d_measured,depth,D,mean_branches,n_primary_dendrites,branch_angle,total_length,num_neurons
1.9127722,10.0,1.6147404,1.0471041,6.0,1.1875329,481.49927,30.0
1.0595121,3.0,1.1312226,1.1874971,4.0,0.57141656,84.0855,7.0
1.8124853,9.0,1.8307036,1.2661221,6.0,0.9266037,352.38312,19.0
1.634744,10.0,1.4213061,1.3296578,5.0,0.64125335,498.09473,6.0
1.4082505,7.0,1.9181322,1.1169719,6.0,0.4790986,216.19754,8.0
1.7942195,9.0,1.302143,1.1315669,6.0,0.66018975,471.5984,16.0
1.8257693,5.0,1.6244292,0.8242683,6.0,1.3641984,437.1979,35.0
1.5949254,8.0,1.0605412,0.7504079,6.0,0.43822,355.03387,14.0
1.6248369,7.0,1.9760025,1.4954926,6.0,0.8942233,248.40703,11.0
1.571597,10.0,1.8683388,1.0398749,4.0,1.262289,414.8832,5.0
1.2663828,6.0,1.406148,0.78432643,5.0,0.96487254,195.04402,8.0
1.7840753,6.0,1.6440527,0.94405746,7.0,1.1468351,401.05133,27.0
1.8089552,4.0,1.7328457,0.90757215,8.0,1.5126033,309.6137,40.0
1.646785,4.0,1.5533341,1.4603642,6.0,1.1717477,390.18958,17.0
1.7542018,9.0,1.2882212,1.0216874,3.0,1.3207352,341.79453,31.0
1.7651538,9.0,1.1098019,1.3292911,6.0,0.53496593,206.52972,42.0
1.4111178,9.0,1.1875253,1.1305202,6.0,0.76081526,155.61903,7.0
1.3309884,10.0,1.7507035,0.87732524,3.0,0.85333,175.15253,5.0
1.425613,8.0,1.6196338,1.4260787,3.0,1.0097219,164.39369,10.0
1.3983275,10.0,1.8563417,0.9944635,5.0,1.0040028,84.92024,32.0
1.7592909,4.0,1.0209014,0.8502975,6.0,0.92295176,388.4911,37.0
1.7997019,9.0,1.5272895,1.2431343,6.0,1.4965463,413.23154,16.0
1.5253433,3.0,1.8255204,1.0525277,8.0,0.432022,319.1535,14.0
1.9279585,10.0,1.7373831,0.8670126,8.0,0.7960361,356.2963,48.0
1.4473002,4.0,1.4249479,0.8158491,6.0,0.4874423,269.785,15.0
1.5648917,5.0,1.0343047,0.7742291,6.0,0.84646755,153.52449,37.0
1.3713709,7.0,1.006839,1.0884775,5.0,1.2926058,136.2065,12.0
1.6727073,4.0,1.3013413,1.4490244,5.0,0.8358741,385.60675,25.0
1.205078,5.0,1.3759214,1.0104893,4.0,1.1504154,89.51331,28.0
1.3631078,4.0,1.3888426,0.86932427,4.0,0.41758534,123.045456,49.0
1.4045577,4.0,1.0125208,1.2825559,7.0,1.5591962,192.40662,11.0
1.3020481,3.0,1.7572969,1.3370099,3.0,1.2526933,343.06662,12.0
1.6181885,7.0,1.2646371,1.1035062,3.0,0.69245076,217.49074,43.0
1.8850911,11.0,1.8201431,1.2154999,7.0,0.72821474,381.9983,26.0
1.5150783,9.0,1.4955149,1.4306589,7.0,1.075225,93.385284,41.0
1.6488463,9.0,1.5296192,1.2326783,6.0,1.0785712,483.23758,3.0
1.4523375,7.0,1.805111,1.1297807,7.0,1.0120538,144.57631,12.0
1.7018915,3.0,1.7354614,1.3668581,8.0,1.1014954,187.87602,45.0
1.7728385,9.0,1.0961837,0.9892484,7.0,0.7778191,310.2202,18.0
1.8151416,4.0,1.7182657,0.9313277,8.0,0.989935,386.86606,35.0
1.8275456,6.0,1.8912071,1.4133866,6.0,0.82339126,468.84445,23.0
1.6803929,11.0,1.0263739,1.1792645,4.0,0.44595996,222.60435,42.0
1.744271,6.0,1.6042856,1.0486813,5.0,0.868723,377.3392,25.0
1.9209876,10.0,1.5812628,1.0143937,8.0,0.48305622,452.39713,35.0
1.811533,10.0,1.9855536,1.3624234,7.0,1.0682468,204.98454,32.0
1.7347543,5.0,1.4451541,1.3943038,4.0,1.047876,359.69257,32.0
1.9353712,11.0,1.8425242,1.4097517,7.0,1.5555534,488.11816,39.0
1.6475981,11.0,1.722051,1.4981658,7.0,1.1217315,192.00697,17.0
1.3111441,8.0,1.1994683,1.2600881,7.0,1.2797297,93.89739,13.0
1.7987221,7.0,1.6678649,0.7576826,8.0,0.7810892,349.62344,27.0
1.6831139,11.0,1.6371189,1.0949682,3.0,0.7192141,255.73546,28.0
1.2744037,9.0,1.6948224,1.1689587,6.0,0.43161613,78.09,14.0
1.9005955,9.0,1.5289053,1.0927255,6.0,1.2467458,340.16113,40.0
1.886611,6.0,1.4191648,1.0706501,7.0,0.6651731,441.20557,43.0
1.828937,6.0,1.2635553,1.4151585,5.0,1.4860052,407.8853,35.0
1.4323282,5.0,1.8207183,1.2171233,7.0,1.2606376,162.07103,16.0
1.8635702,11.0,1.4564921,1.2771444,4.0,1.1862947,317.02658,37.0
1.5657712,9.0,1.487141,1.1336837,6.0,1.3337842,154.14369,24.0
1.4471688,8.0,1.3809651,1.4986248,7.0,0.8421838,336.63446,4.0
1.8040006,8.0,1.6273412,1.4858252,3.0,1.3555714,293.1315,36.0
1.3950576,5.0,1.38996,0.756939,8.0,0.97169703,303.4282,6.0
1.4186473,9.0,1.0446966,1.1179662,4.0,0.5788948,350.4365,8.0
1.8797767,8.0,1.5066055,0.9088318,5.0,0.8173051,476.83383,43.0
1.5047091,11.0,1.72392,0.91755295,6.0,1.4459746,166.21365,12.0
1.3418746,6.0,1.0239216,0.90676475,7.0,0.8113318,101.440346,11.0
1.6676295,7.0,1.3286843,1.119183,3.0,0.46088022,480.57657,23.0
1.5727069,5.0,1.7160639,1.359743,7.0,1.0413932,104.313095,48.0
1.8308297,6.0,1.6707969,1.1782489,4.0,0.71603674,426.64987,48.0
1.5838418,4.0,1.5057033,1.1210072,4.0,1.2994931,380.02182,26.0
1.4933075,3.0,1.5096266,0.863094,3.0,1.4260396,221.94229,44.0
1.4539077,10.0,1.5883098,0.9395862,5.0,1.3603396,130.82657,19.0
1.7570845,7.0,1.3968476,0.84393024,3.0,1.1967593,335.78476,45.0
1.1221645,3.0,1.2303658,1.0617173,4.0,0.97635835,109.5747,12.0
1.4913843,6.0,1.3135868,1.4162108,5.0,0.8314406,161.59138,26.0
1.5037555,8.0,1.510304,1.3538841,8.0,0.59914947,85.37119,47.0
1.45323,10.0,1.1254382,1.4479846,7.0,1.1766706,135.8922,15.0
1.5109854,10.0,1.964209,0.9957041,6.0,1.5412502,250.04373,6.0
1.8461602,7.0,1.0843577,1.4947385,4.0,1.4984078,404.08624,44.0
1.7367566,4.0,1.7364367,1.3529668,7.0,1.2893559,199.215,42.0
1.4642689,7.0,1.9033393,1.4544737,4.0,0.78532577,115.50801,44.0
1.2723608,6.0,1.0533532,1.1517264,5.0,0.997145,125.48142,14.0
1.8936965,9.0,1.6753362,1.1329794,6.0,0.46393526,494.68292,33.0
1.7404572,4.0,1.3105286,1.0009516,7.0,1.3390223,205.79869,50.0
1.7936132,10.0,1.9132167,0.852623,6.0,0.9660528,188.07434,45.0
1.8303587,6.0,1.16051,0.7881387,8.0,1.4482633,462.03485,27.0
1.7618171,11.0,1.0295894,0.954772,5.0,0.4984988,327.91013,22.0
1.6891905,8.0,1.2049425,0.9751077,6.0,1.418589,461.40927,10.0
1.8687297,11.0,1.2948424,1.0870713,7.0,0.80546665,299.10153,30.0
1.592585,4.0,1.8020028,1.0505751,7.0,0.4276965,127.426735,48.0
1.8376822,5.0,1.434731,1.0752635,6.0,0.60923415,366.61923,47.0
1.6270373,4.0,1.045692,1.3490365,4.0,1.0996729,397.55945,30.0
1.8951322,8.0,1.8370788,1.3552079,6.0,1.5103817,266.528,49.0
1.4471489,9.0,1.9742296,1.2611451,4.0,1.0933514,120.24743,27.0
1.8480319,6.0,1.8522656,0.84273726,6.0,1.2545596,433.17065,36.0
1.6775099,8.0,1.8264145,1.1952688,3.0,1.0736738,364.43314,22.0
1.5590856,11.0,1.9706088,1.3005118,7.0,1.3613226,217.25809,7.0
1.7952287,8.0,1.9361718,1.445883,8.0,0.40910587,408.9648,18.0
1.4411591,4.0,1.3110937,1.1678325,3.0,1.1102146,380.93466,20.0
1.3922304,10.0,1.415356,0.85161436,8.0,1.281272,133.13069,8.0
1.5516678,10.0,1.9426743,1.3844968,3.0,0.49605697,197.42616,36.0
1.6709415,6.0,1.398796,1.1363065,4.0,0.7861684,287.83017,31.0
1.773956,6.0,1.6942692,0.7990337,7.0,0.75585884,394.72668,25.0
1.8742931,5.0,1.1170306,0.9353415,7.0,0.6394246,421.43677,48.0
1.7625709,7.0,1.7211715,0.84832084,8.0,1.380082,417.35474,15.0
1.6039301,9.0,1.6335113,0.79325134,5.0,1.4387378,157.31091,31.0
1.8461821,5.0,1.6379539,0.75984377,7.0,1.1912943,492.38,35.0
1.7783334,5.0,1.9945171,1.3445507,6.0,0.6708558,272.76373,41.0
1.601722,4.0,1.7730385,0.9339305,5.0,1.2442937,225.7208,35.0
1.8952489,8.0,1.2125992,0.7890287,6.0,1.0658312,444.8947,38.0
1.6912771,8.0,1.1944293,0.7867744,7.0,0.6076336,152.49004,37.0
1.5058328,4.0,1.3544753,1.1828009,7.0,1.2696751,294.34818,10.0
1.8428032,6.0,1.3712733,1.4043378,7.0,1.4124854,218.6746,48.0
1.9212055,11.0,1.7442458,1.1913258,5.0,1.2458907,485.775,30.0
1.6573476,8.0,1.3439611,0.8204895,4.0,1.5162457,211.79292,34.0
1.8768396,10.0,1.5960892,1.3217022,3.0,1.5349708,494.58255,31.0
1.8591503,5.0,1.9007674,1.0023363,8.0,1.3808328,435.03122,32.0
1.9048926,9.0,1.9091496,1.4271046,5.0,1.5308676,395.97794,34.0
1.5760357,11.0,1.6670951,1.2189447,4.0,0.45068192,392.7485,6.0
1.6532623,5.0,1.1958064,0.77976036,5.0,0.45316496,246.5211,41.0
1.3955597,9.0,1.4780213,0.8416231,4.0,1.4402218,252.51978,4.0
1.5799332,4.0,1.3672892,0.886573,7.0,0.92805797,174.86119,33.0
1.7584201,10.0,1.6723678,0.77528405,8.0,1.3070966,195.69865,29.0
1.4007567,11.0,1.3203213,0.8192351,4.0,1.114597,103.03276,26.0
1.4820191,5.0,1.8479401,1.0476197,7.0,0.97020066,467.04602,5.0
1.5208838,3.0,1.81625,1.156708,7.0,0.96839964,125.07269,42.0
1.6131599,10.0,1.10355,0.8890932,7.0,0.6208153,464.24905,4.0
1.3163548,8.0,1.5796882,0.7526445,6.0,1.4352739,90.66029,20.0
1.2251995,9.0,1.1654106,1.1270988,4.0,0.60308325,60.598526,47.0
1.7398664,3.0,1.436053,0.9902485,7.0,1.243339,265.97812,46.0
1.362598,4.0,1.685382,1.0851976,6.0,1.5063229,185.27078,13.0
1.765984,6.0,1.2864184,0.88714707,5.0,0.72183204,401.50043,33.0
1.4015164,9.0,1.1389697,1.2760198,5.0,1.0187156,163.64801,7.0
1.7228901,6.0,1.5015148,0.95671237,8.0,0.8845561,487.5083,14.0
1.5202771,3.0,1.7637293,0.9177046,6.0,0.76293766,279.40292,22.0
1.5203675,6.0,1.0837094,0.91582596,6.0,0.5371209,142.29388,35.0
1.6458886,8.0,1.1700556,0.7976512,6.0,1.34849,135.57724,42.0
1.8599379,8.0,1.5167962,1.4558325,6.0,1.1000985,369.1844,27.0
1.7283367,5.0,1.1775299,0.83238906,6.0,1.1519194,203.67,49.0
1.9112388,9.0,1.8181164,1.3734608,4.0,1.2036606,489.3881,38.0
1.6912258,7.0,1.2771244,0.91104615,6.0,0.4699798,226.56561,34.0
1.9272399,9.0,1.4686314,1.4268464,6.0,1.5544823,412.95145,42.0
1.534905,6.0,1.5806988,1.0562357,5.0,1.5397,338.07767,14.0
1.8004409,6.0,1.9140904,1.4652227,5.0,0.6233547,453.1437,28.0
1.7013886,7.0,1.2481709,1.1072687,4.0,0.75320226,322.26413,35.0
1.4348621,4.0,1.9107882,0.95039445,6.0,1.1674993,479.02332,6.0
1.704144,10.0,1.102608,1.1352592,6.0,0.75438917,144.94032,42.0
1.3335625,6.0,1.0821989,1.105794,3.0,0.68196046,246.8331,9.0
1.7214738,10.0,1.787498,1.2921021,5.0,0.7516926,207.59142,30.0
1.8803644,5.0,1.5223576,1.354695,7.0,1.1169813,453.7702,35.0
1.7236074,8.0,1.545438,1.089902,6.0,0.93199337,414.27475,12.0
1.5756036,4.0,1.4612068,0.9628892,8.0,0.8604804,491.6944,10.0
1.2580923,10.0,1.4442253,1.4792985,6.0,0.78804463,70.82005,17.0
1.8147095,10.0,1.3386596,1.0208535,3.0,0.5901438,394.10553,38.0
1.219719,3.0,1.2364773,1.4697714,5.0,1.1055089,247.99376,5.0
1.7423092,3.0,1.5317609,1.2966721,5.0,0.8923706,484.86072,34.0
1.3197697,5.0,1.9170061,1.3512793,3.0,0.89451915,180.57248,15.0
1.4203193,7.0,1.4219364,1.4533963,8.0,0.94855344,158.27406,5.0
1.7625439,9.0,1.8505493,1.2901909,5.0,1.1796657,162.66579,47.0
1.5509654,6.0,1.688693,1.2294613,5.0,0.42818215,278.79672,21.0
1.8007027,5.0,1.6621412,1.0350201,7.0,1.4671052,362.26483,30.0
1.8349959,7.0,1.0319008,1.4507405,8.0,1.156179,387.49213,26.0
1.810518,4.0,1.4171945,1.0811063,8.0,1.2502928,331.77283,34.0
1.7410786,10.0,1.1561475,0.92545176,3.0,0.5162692,439.96097,26.0
1.5128418,5.0,1.0134004,0.90541613,3.0,0.8158299,365.34143,25.0
1.4250294,10.0,1.7577972,1.2582266,3.0,1.5686078,113.84452,35.0
1.6831905,8.0,1.6411656,1.4804091,5.0,0.5663253,382.4731,15.0
1.5910965,8.0,1.2075813,0.79217875,5.0,0.8243797,230.91798,19.0
1.6097574,3.0,1.9757928,0.9675677,5.0,0.88990283,249.03294,40.0
1.4380084,8.0,1.9789934,1.3273929,3.0,0.48919478,421.71896,6.0
1.2019668,6.0,1.9710864,1.0797188,4.0,0.8193235,143.56573,8.0
1.6253976,4.0,1.9589894,1.4844308,7.0,0.78990924,365.9525,14.0
1.8012161,7.0,1.3369707,0.78246605,5.0,0.6006498,346.81613,40.0
1.8710806,7.0,1.872814,1.2706362,8.0,0.6788726,307.30145,38.0
1.7583672,9.0,1.6790081,1.2030731,4.0,1.0022974,337.15958,27.0
1.3644251,8.0,1.0619535,1.4104323,5.0,0.45692843,282.6126,4.0
1.8493253,7.0,1.4711728,1.1741052,4.0,0.7065442,380.3299,49.0
1.1474814,4.0,1.4230714,0.8342151,4.0,1.4821697,70.30545,30.0
1.8082582,10.0,1.7260642,1.4673502,5.0,0.87253666,395.39493,16.0
1.6522802,3.0,1.44899,1.1801838,5.0,1.4155215,352.80542,33.0
1.7819843,10.0,1.523562,0.7537856,5.0,0.8332755,447.8842,19.0
1.720863,4.0,1.0275687,0.8821777,5.0,1.2586492,374.79922,39.0
1.1127242,4.0,1.7456859,0.8616845,3.0,0.9246686,118.3549,10.0
1.6371403,7.0,1.8790079,1.3771012,4.0,1.2081352,327.72473,16.0
1.6969208,9.0,1.4528924,0.8722667,5.0,1.1920962,220.23509,27.0
1.1657525,3.0,1.7659987,0.972399,3.0,0.7800853,468.2611,5.0
1.6041937,9.0,1.9317744,0.93665636,8.0,1.0962503,261.1548,6.0
1.1087015,10.0,1.0155882,1.4148529,4.0,1.4758598,53.26359,31.0
1.5553449,5.0,1.7077664,0.9941265,8.0,0.7035381,137.32715,30.0
1.6991428,10.0,1.0740894,0.89935887,3.0,0.72714347,195.4328,43.0
1.7784564,9.0,1.3156886,1.3313428,3.0,0.59960246,473.93243,33.0
1.3961087,10.0,1.2598331,1.004158,5.0,1.224634,78.58826,39.0
1.8406475,8.0,1.2194378,1.2281481,7.0,0.6568458,276.93738,39.0
1.794951,9.0,1.6741141,1.1322267,5.0,0.8366832,390.9837,21.0
1.6370685,4.0,1.1940321,1.4321027,6.0,1.5386497,278.26724,24.0
1.4364988,7.0,1.0470668,1.0604187,8.0,0.49186784,237.87001,5.0
1.7496654,10.0,1.3771548,1.0553441,5.0,1.4099263,300.58212,21.0
1.6327276,8.0,1.6314276,1.2763478,8.0,1.1611798,221.03824,11.0
1.3586745,6.0,1.4412915,1.1631186,3.0,1.1689235,335.30505,8.0
1.5008854,8.0,1.9399338,1.2463001,4.0,0.76851755,116.461235,44.0
1.7462549,10.0,1.5602332,1.15892,4.0,0.5706121,393.31018,23.0
1.4834367,6.0,1.8490908,0.9009518,6.0,1.1980985,119.25017,30.0
1.7214966,4.0,1.8402745,1.2239736,8.0,1.1232623,325.9264,23.0
1.1946595,10.0,1.305956,1.2198975,4.0,1.5114756,58.724358,36.0
1.562575,9.0,1.3304477,1.356333,3.0,0.69413143,237.54135,24.0
1.8056897,5.0,1.3219377,1.2250047,7.0,1.0150707,386.42117,30.0
1.6087636,8.0,1.6177713,1.0675609,6.0,0.55483246,301.58676,11.0
1.7611856,5.0,1.8442081,1.1478399,6.0,0.96695364,288.75757,36.0
1.8290954,4.0,1.5024005,0.9428825,7.0,0.47099867,479.66708,35.0
1.5891448,9.0,1.285215,1.4413972,7.0,0.9838455,146.1021,23.0
1.3323956,10.0,1.6182369,1.2564487,6.0,0.73332906,97.11042,7.0
1.0624771,7.0,1.5482843,0.75827014,4.0,0.9013171,52.309357,22.0
1.7381747,8.0,1.1353271,1.2683372,7.0,0.45788512,204.4921,36.0
1.8132783,4.0,1.8291228,1.0725652,8.0,0.41975978,283.11115,49.0
1.5523288,7.0,1.5639718,1.205666,5.0,0.5825095,417.5578,8.0
1.9176842,10.0,1.758742,0.8605669,7.0,0.97445065,363.27747,42.0
1.1679187,3.0,1.9580606,1.1810331,3.0,1.3506302,329.34485,3.0
1.6172594,5.0,1.0506938,1.1930184,4.0,0.4333624,281.3525,38.0
1.8148208,9.0,1.4602964,0.92950195,3.0,0.6581115,426.00513,39.0
1.8274876,10.0,1.5599796,1.0956955,7.0,0.80806357,286.00558,29.0
1.5094754,5.0,1.356984,1.301022,5.0,0.8697505,256.0632,17.0
1.2894562,3.0,1.1932564,0.83695626,6.0,1.4770802,170.2307,11.0
1.6660271,8.0,1.0700407,1.1858379,6.0,0.5467158,267.10953,20.0
1.723126,11.0,1.5520136,1.0346034,7.0,0.9428823,357.1745,9.0
1.5698253,4.0,1.73228,1.3341682,4.0,0.9515074,402.33817,20.0
1.4087251,3.0,1.240841,1.0426388,6.0,0.5386028,385.21136,10.0
1.9102476,11.0,1.8033901,1.3927815,3.0,1.3100497,493.633,43.0
1.7965142,7.0,1.1830888,1.4894339,4.0,0.7251527,447.3452,32.0
1.2469338,9.0,1.7689377,0.90361714,5.0,0.40132484,58.454548,45.0
1.5894238,8.0,1.9370838,1.3408208,4.0,0.68566453,426.14877,10.0
1.8166414,7.0,1.4117249,1.44004,3.0,1.216696,389.46146,48.0
1.8945006,9.0,1.2758136,0.7811295,7.0,0.8893947,490.13333,25.0
1.3459759,8.0,1.7520453,1.4768087,7.0,1.1120998,64.17207,42.0
1.66607,8.0,1.4754002,1.4973823,6.0,0.5025129,275.99402,18.0
1.4692388,8.0,1.7717155,0.9232297,5.0,0.54565346,126.97166,28.0
1.6963507,8.0,1.1314594,0.7610886,7.0,1.0075325,285.4523,21.0
1.7927157,6.0,1.0108865,0.7671273,4.0,0.5579957,478.70673,40.0
1.2031671,5.0,1.1409633,0.96057004,5.0,0.45048824,129.20963,8.0
1.424913,8.0,1.6810225,1.2542514,6.0,0.78298974,111.90455,18.0
1.2668672,4.0,1.9920411,1.4482183,6.0,1.3981555,103.49876,3.0
1.8336957,9.0,1.1726772,1.1104401,5.0,1.240765,371.2578,25.0
1.9004462,11.0,1.1473138,0.84645015,4.0,0.6430069,435.3714,39.0
1.6167836,7.0,1.9023045,1.4915338,8.0,1.4921616,107.90529,47.0
1.7694285,4.0,1.4584957,1.1156863,6.0,1.0631715,491.99805,28.0
1.3246254,7.0,1.5357265,1.0229509,6.0,0.9732798,132.44301,5.0
1.7367278,6.0,1.3259152,1.4016659,7.0,1.2918996,169.32448,45.0
1.8932129,9.0,1.98729,1.0815305,6.0,0.9388983,447.204,30.0
1.2839735,8.0,1.0751519,0.93021435,5.0,0.49757066,140.81906,7.0
1.7702755,6.0,1.9561883,1.3035642,6.0,0.9190324,429.1477,19.0
1.4286432,11.0,1.9203118,0.9806662,6.0,1.4728111,133.48454,3.0
1.8460158,11.0,1.9331769,0.9740042,8.0,0.659411,428.30765,14.0
1.8914572,9.0,1.5129043,1.1872488,4.0,1.479865,383.36975,47.0
1.7768213,6.0,1.6323333,1.3790482,7.0,0.6936998,228.85994,35.0
1.6791601,9.0,1.8357856,1.1007885,8.0,1.5340462,251.97081,15.0
1.6027519,5.0,1.5919251,1.3337067,5.0,1.3004901,310.869,17.0
1.5859646,11.0,1.8897554,1.4172342,7.0,0.44247314,155.40392,24.0
1.5596455,5.0,1.6837624,0.91619134,7.0,1.2867244,129.59769,37.0
1.9165053,8.0,1.4919991,1.4435394,6.0,1.2189258,492.90604,34.0
1.3001161,6.0,1.0038537,0.9655007,4.0,0.5063722,192.74028,14.0
1.7264522,10.0,1.5697699,1.0358659,3.0,0.61543757,348.8813,28.0
1.8598526,9.0,1.9728178,1.1723038,5.0,0.50090814,383.7814,36.0
1.3853203,4.0,1.1543502,0.8053042,7.0,1.0880597,80.348625,48.0
1.6265702,6.0,1.4123,0.7772752,7.0,1.3413198,455.947,10.0
1.4194332,4.0,1.4051625,0.80623937,5.0,1.4902345,224.15907,15.0
1.319324,4.0,1.542903,1.2338411,4.0,1.3937134,444.1779,6.0
1.3865987,7.0,1.9535532,0.76895714,3.0,0.48092997,238.30229,17.0
1.7109778,8.0,1.574636,0.959717,3.0,0.6700432,245.78122,41.0
1.6817607,7.0,1.3026227,1.2022488,5.0,1.4545081,333.50507,20.0
1.8058609,3.0,1.453132,0.84456646,7.0,0.635891,483.5971,41.0
1.6311303,7.0,1.429794,0.8551237,4.0,0.956392,227.02124,33.0
1.8365675,7.0,1.817425,0.7727456,5.0,0.76727563,344.8441,46.0
1.6117784,9.0,1.9950353,0.822331,5.0,0.9094277,429.2963,6.0
1.7324586,6.0,1.9125392,0.89027286,6.0,0.52785057,308.65836,27.0
1.3917532,5.0,1.8938023,1.357977,4.0,1.3450544,229.9506,5.0
1.6874325,4.0,1.127699,0.8514194,3.0,1.4055976,403.8957,49.0
1.8780087,9.0,1.1337345,0.8911032,6.0,1.3432741,270.3917,50.0
1.2777301,10.0,1.2198279,0.9227715,4.0,1.1105727,84.27891,24.0
1.5664669,7.0,1.214574,0.9859751,3.0,1.5234377,321.73044,23.0
1.7420461,8.0,1.1753532,1.0332743,4.0,1.271174,286.78802,32.0
1.8328981,8.0,1.108991,1.0987613,8.0,1.1234201,407.3659,18.0
1.5026423,7.0,1.7501469,1.1948864,4.0,1.0344452,207.86299,18.0
1.3842634,6.0,1.6473241,1.0264578,7.0,0.4402533,416.8607,4.0
1.7075825,6.0,1.4814721,1.1467208,3.0,1.3665036,490.72696,29.0
1.8126187,9.0,1.3785936,1.2215364,4.0,1.1392124,450.0857,25.0
1.7188326,4.0,1.1246601,0.8002941,8.0,1.4201268,296.65787,32.0
1.7760599,9.0,1.1122679,1.1788118,7.0,0.69552815,208.67532,35.0
1.9190786,9.0,1.561129,1.3939577,7.0,1.2477003,436.53107,33.0
1.4966401,7.0,1.9510896,0.86372334,4.0,1.4049586,210.73273,22.0
1.6975428,9.0,1.1636989,0.9811716,7.0,0.8749787,164.89365,31.0
1.5286491,11.0,1.7007986,1.4685615,3.0,1.5618966,258.4395,13.0
1.5263671,7.0,1.9777358,1.1753381,6.0,1.5424373,201.93054,12.0
1.3248676,9.0,1.07138,1.3765117,5.0,0.44420648,292.03918,4.0
1.4588057,8.0,1.3082098,1.0824952,7.0,1.2269485,186.18593,3.0
1.4297619,10.0,1.1836126,0.8796131,4.0,0.465381,423.92416,4.0
1.3785571,4.0,1.709664,1.0513011,4.0,1.0466636,393.63644,11.0
1.3191836,3.0,1.6918088,0.9384484,8.0,0.40593162,291.28732,5.0
1.7521548,3.0,1.2776885,0.8624445,6.0,1.0348994,355.38513,44.0
1.5884678,8.0,1.6114109,1.0919183,4.0,1.2727363,139.07782,44.0
1.8587607,10.0,1.0870638,1.4954175,6.0,0.61613727,305.7902,48.0
1.4227268,11.0,1.1014861,0.8561628,4.0,0.39734855,121.69761,31.0
1.8368096,6.0,1.3718947,0.8069991,6.0,0.95225763,397.90424,39.0
1.7379459,8.0,1.7232246,1.3476136,4.0,1.3499801,263.6916,31.0
1.916217,11.0,1.3633711,1.332978,7.0,0.9693801,337.55618,45.0
1.8627115,5.0,1.3495643,1.3196355,6.0,1.1743686,397.09125,46.0
1.3439741,6.0,1.5267963,0.98693305,3.0,0.8093375,114.14155,40.0
1.6657951,6.0,1.5173439,0.83388394,6.0,1.3788522,292.43997,22.0
1.475358,5.0,1.2900966,0.8041725,8.0,1.183374,263.21378,9.0
1.6911746,10.0,1.2619128,1.4496524,5.0,0.9164637,343.7192,15.0
1.6165049,10.0,1.3310968,0.96406394,3.0,0.66703904,193.27179,38.0
1.7972095,8.0,1.1589267,0.8376026,6.0,1.1725615,213.02597,42.0
1.2055653,5.0,1.6975416,1.422695,7.0,0.5285113,71.46915,12.0
1.4554548,6.0,1.8602061,1.2043267,4.0,0.9986687,183.18413,20.0
1.5418491,6.0,1.4883385,0.7758474,7.0,0.7990618,119.486084,40.0
1.8329209,9.0,1.1869036,0.9966309,4.0,1.3244824,427.7834,28.0
1.7046611,6.0,1.2470957,1.2258843,3.0,1.1357722,471.38626,32.0
1.2858756,9.0,1.9552734,1.2347796,6.0,1.1656691,68.57643,29.0
1.2191801,4.0,1.5338938,1.2905477,5.0,1.1266987,388.80252,4.0
1.6424018,4.0,1.837829,1.0162576,7.0,0.52438694,181.38853,42.0
1.7869842,8.0,1.6989412,1.260692,4.0,1.468219,367.46915,26.0
1.5272982,10.0,1.557966,1.293474,4.0,0.64426506,276.6761,16.0
1.8271054,11.0,1.7402263,0.83322173,5.0,1.323457,234.08641,37.0
1.7441759,9.0,1.1468189,1.0659264,7.0,0.63000345,219.69951,29.0
1.7395697,9.0,1.7126473,1.17578,6.0,0.59370154,403.27216,13.0
1.230103,7.0,1.8765961,1.3229218,5.0,1.5267804,82.68662,9.0
1.3946043,7.0,1.9732306,1.0532819,5.0,0.46344802,260.7935,5.0
1.4094572,8.0,1.4689695,1.1428329,8.0,1.4620427,117.92412,16.0
1.5087947,9.0,1.8001926,1.4290477,7.0,1.2644365,178.2758,4.0
1.54144,10.0,1.2916287,0.89364535,5.0,1.5054234,268.9772,7.0
1.5397708,10.0,1.4793544,1.3219968,6.0,1.4959048,235.97166,4.0
1.4537166,4.0,1.576364,1.4598224,3.0,1.0279214,336.14465,16.0
1.7125236,3.0,1.7792151,1.0091151,5.0,1.5434499,353.9929,41.0
1.835697,7.0,1.2941672,0.98332375,6.0,0.42109042,327.07864,42.0
1.5287735,10.0,1.3587251,1.3201182,7.0,1.0517703,137.69286,17.0
1.2665598,8.0,1.521247,0.75595987,6.0,1.5250794,53.762646,46.0
1.2063282,11.0,1.0582917,1.4711057,4.0,0.7772529,66.678665,33.0
1.5681593,3.0,1.323427,1.0520406,4.0,1.0605875,379.1919,29.0
1.835489,10.0,1.7850684,0.7675399,6.0,0.6332048,213.66132,44.0
1.7841958,10.0,1.9074221,0.9122977,5.0,1.4138303,236.56052,32.0
1.4470959,9.0,1.5147076,1.4567144,5.0,0.5398981,146.69473,18.0
1.7975509,8.0,1.6507467,1.0977819,4.0,0.65376866,326.60864,45.0
1.8625501,8.0,1.0147921,0.82441837,4.0,0.9817805,461.09988,40.0
1.6567695,8.0,1.5561028,1.2412802,7.0,0.4231776,220.73917,22.0
1.7398099,8.0,1.835627,1.0437908,5.0,0.73391557,221.71783,34.0
1.8564554,6.0,1.5582298,0.9268791,6.0,1.0839489,489.75388,39.0
1.5572162,5.0,1.4867927,0.7940002,5.0,0.74884456,243.25014,25.0
1.0265197,5.0,1.6546011,0.80359167,4.0,1.5638736,59.72687,22.0
1.1833475,7.0,1.4502943,1.0073596,4.0,0.7616382,63.007683,40.0
1.1199232,5.0,1.4804611,1.4820763,3.0,1.0528603,67.72381,31.0
1.3189486,6.0,1.986894,0.87442464,3.0,0.79311824,98.94399,47.0
1.7417371,4.0,1.7709624,0.9765448,8.0,1.3749663,222.91434,39.0
1.6196437,10.0,1.0642442,0.9363321,4.0,1.2597462,170.47679,31.0
1.5225514,9.0,1.0667493,0.88249785,5.0,0.60995436,460.02908,5.0
1.8992349,7.0,1.231027,1.2518619,6.0,1.1376312,419.95798,48.0
1.6653152,8.0,1.8661826,0.7711877,4.0,0.925638,422.03723,20.0
1.6041267,9.0,1.9622548,1.2246363,3.0,1.0802553,459.57248,8.0
1.437696,4.0,1.573554,1.173087,5.0,0.6140914,481.8354,9.0
1.7808601,6.0,1.2348706,1.315653,6.0,1.3532163,440.45016,21.0
1.5317588,4.0,1.7536162,0.94916147,5.0,1.1580644,462.4962,13.0
1.3626106,9.0,1.9618349,1.4588988,4.0,1.5218714,110.1738,24.0
1.3847601,3.0,1.2009515,0.8879935,7.0,0.9439891,171.702,12.0
1.4501377,6.0,1.3338051,1.1486177,4.0,0.7178714,242.19453,19.0
1.7879081,8.0,1.3070781,0.80732316,5.0,0.75777435,334.85327,32.0
1.895534,10.0,1.8644603,1.2015615,4.0,1.0577961,347.19186,43.0
1.4059533,4.0,1.5417336,0.9824882,4.0,1.162807,104.68348,50.0
1.2382771,3.0,1.570335,0.8190095,7.0,1.0013222,88.51781,21.0
1.4099376,8.0,1.7862186,1.0767887,7.0,0.87590694,89.00155,29.0
1.4671217,6.0,1.2223073,0.88882166,5.0,0.9117263,229.12291,11.0
1.7355939,10.0,1.1682279,1.2482492,7.0,0.7394846,265.25592,19.0
1.8584799,6.0,1.748415,0.8947269,5.0,0.81181467,498.26062,48.0
1.7691898,11.0,1.7742174,1.2047315,7.0,0.855931,256.5973,18.0
1.4277147,7.0,1.2281264,1.4906653,7.0,1.0332141,134.74426,17.0
1.6931683,4.0,1.2169725,1.0414658,5.0,1.3963184,283.51462,41.0
1.9005703,11.0,1.9168079,1.1115685,7.0,1.4310502,470.65704,22.0
1.8452836,5.0,1.3663205,1.3425374,5.0,0.6547769,441.56314,46.0
1.5292139,8.0,1.0074574,1.438655,4.0,1.4252024,262.74307,18.0
1.3189406,7.0,1.6832914,0.86746883,8.0,0.57773274,100.78305,7.0
1.7873373,3.0,1.1141078,0.98562336,6.0,1.3890232,371.77747,47.0
1.8677607,11.0,1.6643766,1.0639182,7.0,1.2148418,495.25394,13.0
1.409544,4.0,1.9272497,1.0379342,4.0,0.55025196,416.09988,14.0
1.7993739,8.0,1.0050385,1.4776216,4.0,1.0909064,345.00424,42.0
1.80964,5.0,1.8241102,0.98867893,5.0,0.7409485,346.44022,50.0
1.6289709,8.0,1.8627025,1.2276398,8.0,1.0769709,148.11967,29.0
1.5792277,7.0,1.8039678,1.3728528,3.0,0.6980929,450.9025,9.0
1.170998,10.0,1.3404808,1.1578507,7.0,0.9039614,51.1012,22.0
1.7559861,5.0,1.0162385,1.3442944,8.0,0.797482,274.66458,32.0
1.687222,4.0,1.6774939,0.8131623,5.0,1.4655752,475.8617,26.0
1.6409744,5.0,1.4827707,1.2853113,7.0,1.1451001,142.4493,38.0
1.5459311,6.0,1.019325,1.3777124,4.0,0.92189986,157.55019,43.0
1.6818742,5.0,1.4101083,0.91858774,6.0,1.2218883,180.23163,44.0
1.3214726,5.0,1.1060764,1.4195521,3.0,0.71334696,315.3041,8.0
1.2882867,6.0,1.8815039,1.0838307,4.0,1.0873736,111.09929,17.0
1.4555751,5.0,1.5990093,1.1290298,7.0,1.2578616,419.69803,6.0
1.3721398,4.0,1.9687937,1.0600203,5.0,0.46870866,173.35872,22.0
1.8964485,10.0,1.7989378,0.7781838,6.0,0.81852084,302.77563,45.0
1.5107,5.0,1.7671087,0.94084764,7.0,0.41063887,168.61221,26.0
1.5883073,6.0,1.2868172,0.79690003,4.0,1.3260847,414.60867,17.0
1.2997718,4.0,1.6127727,0.75609237,4.0,1.441483,106.13241,39.0
1.8533709,6.0,1.1652942,1.1126162,5.0,1.406752,402.94485,43.0
1.299463,4.0,1.8188955,0.88475907,5.0,0.87383056,82.01865,46.0
1.7282237,7.0,1.0111595,1.4026506,7.0,1.3887789,227.98393,27.0
1.7262186,7.0,1.1068995,0.9237209,5.0,0.55203426,341.20465,26.0
1.6407807,6.0,1.67005,1.4628298,4.0,1.0866462,251.06912,25.0
1.6502969,9.0,1.6772081,1.1958216,7.0,0.94213927,309.9224,5.0
1.3142786,11.0,1.6388807,1.0113019,6.0,0.48430473,92.246025,12.0
1.5632719,7.0,1.8226151,1.367525,4.0,0.9633072,172.97008,27.0
1.4095714,5.0,1.3924499,1.2037431,7.0,1.3274052,95.293846,29.0
1.2123965,4.0,1.7803704,1.190684,5.0,1.3849592,116.822815,5.0
1.592235,5.0,1.3617289,1.3836985,5.0,1.242559,470.99988,11.0
1.571967,6.0,1.4080715,1.4370122,4.0,1.23587,378.26538,14.0
1.1814582,6.0,1.7941923,1.083197,5.0,1.0710963,57.16504,33.0
1.4985527,3.0,1.596322,1.4064349,6.0,0.77574146,128.35843,38.0
1.8865879,10.0,1.1899234,1.1642028,4.0,1.2900821,418.54938,43.0
1.4060696,5.0,1.9054675,1.0255927,8.0,0.7292957,174.21106,9.0
1.7447107,5.0,1.9017757,1.2077988,4.0,1.2295634,381.43646,40.0
1.7181264,4.0,1.004526,1.005081,6.0,1.4424914,473.3427,25.0
1.6310886,6.0,1.6468327,0.9456264,6.0,1.3111446,233.85794,22.0
1.3797921,6.0,1.9241807,0.9310523,4.0,0.87701017,363.44522,6.0
1.2032716,5.0,1.327939,1.2419113,4.0,0.5694986,124.26884,15.0
1.6809947,7.0,1.6291603,1.0653409,7.0,0.84893554,168.4312,34.0
1.8787439,8.0,1.6795368,0.9669785,5.0,1.0854557,478.2195,35.0
1.846117,10.0,1.2729256,0.99887407,3.0,0.9577895,360.49234,46.0
1.7550254,8.0,1.1500124,0.92055273,5.0,0.66090053,350.0252,25.0
1.2125255,3.0,1.9226484,1.1842421,5.0,0.4363107,62.19158,48.0
1.7874391,4.0,1.0945747,1.3458469,5.0,1.411327,370.37036,42.0
1.7578,10.0,1.5153797,0.8292434,6.0,1.3227773,275.5276,23.0
1.840328,6.0,1.6816163,1.1164354,5.0,1.3153229,443.45798,36.0
1.8908544,9.0,1.8854535,1.339329,6.0,1.03063,324.84537,42.0
1.6609827,6.0,1.6253608,1.3388543,6.0,1.1135404,358.43695,13.0
1.48514,10.0,1.6455665,0.7653129,4.0,0.5318556,345.72403,8.0
1.5789183,6.0,1.9113128,0.91301054,8.0,1.2858096,258.76947,16.0
1.2959937,10.0,1.8012681,0.8967463,7.0,1.1696756,81.013695,13.0
1.8825514,10.0,1.8804487,1.3610102,5.0,1.5306293,437.6853,24.0
1.7276456,6.0,1.2797145,1.2098368,6.0,0.4660667,218.2682,44.0
1.9129965,11.0,1.1613742,1.3211358,8.0,0.8574402,376.54843,41.0
1.6767099,6.0,1.9542587,1.123149,6.0,1.5014267,482.80927,13.0
1.696246,6.0,1.4970628,1.121805,8.0,0.56062096,254.61075,23.0
1.3851918,8.0,1.2062267,1.3465991,4.0,0.71099967,92.90542,45.0
1.5197707,8.0,1.0362794,0.8113364,4.0,0.80653906,269.4105,16.0
1.9302852,10.0,1.7190144,0.8026717,8.0,0.46158266,465.72644,48.0
1.4232713,5.0,1.0395886,1.1042162,6.0,0.7043687,200.2743,16.0
1.2667422,4.0,1.729885,0.84228086,7.0,0.7083293,55.415974,43.0
1.2496583,9.0,1.7904124,0.93913895,6.0,0.47420162,69.65072,27.0
1.4492384,4.0,1.4200739,1.2933311,6.0,1.3381859,133.87239,25.0
1.8257962,11.0,1.8387846,1.2802858,7.0,1.1819774,476.26978,10.0
1.7562121,6.0,1.8111984,1.4427198,4.0,0.4764633,396.37512,36.0
1.6756129,6.0,1.5408051,1.0249488,5.0,0.98741764,240.567,32.0
1.9168434,8.0,1.5480604,1.2879183,5.0,1.5244033,488.77277,49.0
1.5741185,6.0,1.2958345,0.9932338,7.0,1.3646421,200.93694,19.0
1.2199374,8.0,1.0017276,1.0544502,5.0,0.70909154,87.916504,11.0
1.6712887,11.0,1.03089,0.9561872,4.0,0.55746895,405.22272,14.0
1.3545434,8.0,1.3086694,0.81650746,3.0,1.2628561,429.8542,5.0
1.6537449,7.0,1.7018968,0.9131259,3.0,0.6656999,491.38992,21.0
1.8304138,3.0,1.442105,1.4750898,7.0,1.5658923,454.51505,36.0
1.789528,3.0,1.9840893,1.4309464,6.0,0.64199626,375.64987,44.0
1.2289652,5.0,1.2035277,1.3267922,7.0,1.024184,65.23935,21.0
1.4849684,5.0,1.7953687,0.9058405,5.0,1.3181633,273.64523,13.0
1.3809655,7.0,1.0742968,1.0582421,4.0,1.4301103,198.21472,11.0
1.8003131,7.0,1.1193099,1.0281798,5.0,1.1351273,298.23218,40.0
1.8996395,9.0,1.9477385,1.1380675,7.0,1.2134507,263.91757,50.0
1.7274052,5.0,1.9939458,0.78170717,7.0,0.59292734,494.0514,20.0
1.389408,4.0,1.7391557,0.8725667,7.0,1.4929503,124.710945,16.0
1.7236327,6.0,1.1189231,1.0939195,7.0,0.8444662,373.84625,20.0
1.2285734,5.0,1.4034353,0.9694094,3.0,0.79170054,206.22395,3.0
1.5520037,8.0,1.0967269,0.77904093,4.0,0.6341865,420.38467,12.0
1.470888,5.0,1.0673522,1.2453556,7.0,0.6742411,120.66688,32.0
1.2609514,11.0,1.3150626,0.7718165,3.0,0.86825466,95.77443,10.0
1.7560861,10.0,1.8737849,0.8983919,4.0,1.5454654,294.53555,25.0
1.3386103,5.0,1.0027041,0.93264264,5.0,0.4905453,85.798164,42.0
1.8380656,6.0,1.768047,1.3879579,6.0,1.401378,245.64926,43.0
1.8627421,5.0,1.9303168,1.0173014,8.0,1.042339,286.29858,48.0
1.4245355,9.0,1.9413375,1.4174339,7.0,0.7845478,79.15453,32.0
1.7970823,10.0,1.1663653,0.9619996,8.0,1.0559984,312.8759,15.0
1.8587549,8.0,1.6091474,1.2119138,6.0,0.72659343,457.648,27.0
1.8699876,6.0,1.2068719,0.8310361,8.0,1.2789283,288.26813,50.0
1.131064,6.0,1.6659648,1.1512609,4.0,0.76490176,60.087944,33.0
1.9186789,11.0,1.8951612,1.0538586,5.0,1.1508602,479.89093,42.0
1.9231359,10.0,1.1272544,1.3711408,7.0,1.3203117,477.6122,45.0
1.872558,6.0,1.4261113,1.3350433,7.0,0.89879894,289.12167,49.0
1.8936515,6.0,1.8056332,1.2844759,7.0,1.0384301,330.7377,45.0
1.5528522,10.0,1.5450722,0.9983576,3.0,0.47862634,163.54204,44.0
1.2147353,3.0,1.6295254,0.8299243,6.0,0.4246989,180.89223,9.0
1.2326969,4.0,1.0973029,1.1131848,6.0,1.2313399,123.253136,7.0
1.4663903,7.0,1.5664163,1.0845249,6.0,1.0170536,132.70213,24.0
1.2678622,4.0,1.0567796,0.93236864,7.0,1.5073999,105.78093,6.0
1.4084721,3.0,1.268542,0.9144813,6.0,0.7496562,94.67672,46.0
1.9135053,7.0,1.659328,1.4807005,8.0,1.4583778,351.24536,41.0
1.356807,9.0,1.2444456,1.2232803,6.0,0.7445509,112.66961,6.0
1.2751213,7.0,1.2968996,1.3064331,5.0,0.9806936,112.95738,8.0
1.5784003,6.0,1.5541743,1.330845,6.0,1.5324476,300.10468,11.0
1.2608652,3.0,1.8588653,0.864936,4.0,1.4445969,210.44327,15.0
1.7904661,10.0,1.9384371,0.90235716,8.0,0.866797,425.57227,12.0
1.4647033,10.0,1.0632496,1.0154788,3.0,1.3726734,102.6015,46.0
1.6785467,11.0,1.6924697,0.9554665,5.0,0.8351645,332.65353,11.0
1.7407354,5.0,1.0175806,1.2832353,5.0,0.91285884,328.72345,38.0
1.5247397,7.0,1.7344083,0.9095091,7.0,1.3045357,299.55896,5.0
1.8439707,10.0,1.871623,1.159992,8.0,0.52665436,416.39664,17.0
1.1636503,7.0,1.1215228,1.3973936,3.0,1.1574452,99.96878,12.0
1.6986693,8.0,1.1238772,0.8080945,6.0,1.0823286,295.01083,19.0
1.3114806,4.0,1.5322597,0.9280513,3.0,0.6028112,440.81815,13.0
1.7965312,6.0,1.1893083,1.0325214,5.0,0.86345935,267.59723,49.0
1.8745741,10.0,1.0404115,0.9962218,4.0,0.6314863,445.94568,37.0
1.612121,6.0,1.5786259,1.3323464,6.0,1.1670076,480.97726,9.0
1.4939394,5.0,1.2725025,0.88545316,6.0,0.9587975,290.54135,13.0
1.8742033,8.0,1.8960776,1.3569102,7.0,0.82913274,264.20804,44.0
1.6651807,8.0,1.9988632,0.8288729,8.0,1.3675053,168.01224,30.0
1.2895658,9.0,1.3732009,1.2303843,6.0,0.6224501,79.863594,8.0
1.6040407,10.0,1.2390755,1.2134914,7.0,1.0675784,278.13904,7.0
1.7976142,6.0,1.4639467,0.7707753,6.0,1.2945836,254.05127,48.0
1.2728301,5.0,1.2336686,0.7987262,4.0,0.82609355,136.78317,7.0
1.7725942,7.0,1.6539621,0.8600015,6.0,0.6850126,201.24883,50.0
1.5252657,3.0,1.1416122,1.1068503,3.0,0.45204794,477.38574,26.0
1.3143175,10.0,1.0725089,0.9283529,3.0,0.42600295,141.10965,16.0
1.5628798,4.0,1.1447309,0.76207316,4.0,0.9492451,452.97162,26.0
1.7292618,7.0,1.9278601,0.96971315,4.0,1.2254517,446.34833,22.0
1.8582983,4.0,1.9348947,1.1099434,8.0,1.0215687,462.89264,40.0
1.7778581,11.0,1.1770589,1.0782372,5.0,1.3404498,298.4506,22.0
1.6724207,3.0,1.5395553,0.78357106,6.0,1.248852,215.03505,48.0
1.4829613,9.0,1.6211253,1.3104823,4.0,1.1414412,234.6679,9.0
1.6591121,6.0,1.3363516,1.2521838,6.0,1.4137472,355.7939,15.0
1.4587559,4.0,1.1429948,1.3851496,6.0,1.1531644,412.18774,6.0
1.44247,5.0,1.0775622,0.8587905,3.0,1.4316438,266.13397,23.0
1.4695102,6.0,1.3831234,1.0067592,4.0,1.0051126,297.1296,16.0
1.8394492,7.0,1.6422774,1.4196755,6.0,1.3683913,411.1324,21.0
1.2263448,3.0,1.0559844,1.1833115,3.0,1.5292774,167.3583,22.0
1.8199137,8.0,1.1719438,0.9015835,6.0,1.3985966,442.88153,24.0
1.6644812,8.0,1.504449,1.1545523,5.0,0.9333165,339.70053,16.0
1.8928981,9.0,1.388451,1.2724234,5.0,0.47754794,488.54675,42.0
1.6780564,6.0,1.5350035,1.0376201,4.0,0.51411957,304.586,38.0
1.3710037,8.0,1.9991926,1.0774108,3.0,0.76985157,223.1874,14.0
1.7712748,4.0,1.3750921,0.8264599,5.0,1.5200467,399.12976,43.0
1.4171118,5.0,1.2568035,1.0037904,4.0,1.0266075,154.44792,28.0
1.4352078,5.0,1.0763252,1.1666442,4.0,1.3565625,99.26482,50.0
1.7568341,11.0,1.2755319,1.2062147,8.0,1.0179654,209.51897,28.0
1.423826,4.0,1.6232493,1.199362,3.0,0.8297949,151.15488,48.0
1.8701378,5.0,1.6132723,1.4444766,7.0,1.5028092,445.63983,35.0
1.533609,3.0,1.304685,0.79016197,4.0,1.2280482,323.56128,32.0
1.7216357,7.0,1.6264361,1.0682862,4.0,0.85283846,280.59973,37.0
1.5919045,8.0,1.9884208,1.2810849,6.0,1.0745695,108.53619,41.0
1.6907833,8.0,1.0550933,1.3137342,5.0,1.1959535,309.13187,18.0
1.6416469,5.0,1.9975083,1.434911,4.0,1.1293454,279.73883,29.0
1.8419925,8.0,1.2395762,1.1865236,5.0,0.5966934,357.57742,43.0
1.5716991,9.0,1.5466812,1.4582112,7.0,0.9877696,187.1995,13.0
1.7947245,10.0,1.7977675,1.2127844,8.0,1.5477183,237.01529,24.0
1.424224,11.0,1.7378496,1.0315263,3.0,1.2683319,415.67322,4.0
1.5904943,4.0,1.2240559,0.9470528,6.0,0.8019997,158.8816,41.0
1.616548,6.0,1.6109124,1.424098,5.0,0.5753198,406.77075,16.0
1.3292489,7.0,1.1524414,0.96595824,4.0,0.9471769,200.05327,6.0
1.4518484,8.0,1.0573372,1.4743779,7.0,1.2396245,189.13353,9.0
1.3748304,7.0,1.1161922,1.1261686,7.0,0.52532923,129.95633,11.0
1.9075117,9.0,1.4776173,0.8354796,6.0,1.1402194,438.5573,42.0
1.7060819,9.0,1.1806037,1.2345266,3.0,1.0595196,469.85208,20.0
1.7026699,5.0,1.2431002,1.235816,7.0,0.6456562,300.77753,25.0
1.4083855,4.0,1.7770916,1.1493223,6.0,1.3522784,443.8875,6.0
1.4223498,3.0,1.7415358,1.05767,5.0,0.84492415,211.99634,24.0
1.4382807,6.0,1.9830893,1.3420445,4.0,1.4951019,231.89893,10.0
1.9111872,10.0,1.5972317,1.4378679,7.0,0.5733582,475.5003,28.0
1.6681492,5.0,1.0425276,0.75088733,5.0,0.7145774,432.76834,26.0
1.7948984,5.0,1.7284023,0.81201607,7.0,1.1184953,342.3152,35.0
1.9024194,6.0,1.4392987,1.4284431,7.0,1.3544756,449.38556,38.0
1.6901234,9.0,1.789026,1.0309039,8.0,0.5224344,159.54413,29.0
1.8160284,6.0,1.283164,0.88351125,7.0,1.1250226,233.01973,47.0
1.7019318,4.0,1.3642082,1.4867545,5.0,0.50497884,249.68605,44.0
1.6434686,10.0,1.2018692,1.2749383,8.0,0.5654739,156.123,28.0
1.6145557,8.0,1.3931841,1.19979,4.0,0.5813502,483.97015,11.0
1.7218434,4.0,1.783506,1.1201153,7.0,1.106696,431.2944,21.0
1.840749,7.0,1.9964565,1.2915561,6.0,1.0635195,307.0037,30.0
1.4450254,9.0,1.0654439,0.81807655,5.0,0.6476788,109.03635,34.0
1.8614933,9.0,1.9435658,0.97340786,6.0,1.4846582,420.8986,26.0
1.7468554,7.0,1.8975021,1.2627244,4.0,0.60591465,312.44043,36.0
1.9150373,10.0,1.2548325,1.2650839,5.0,1.2370056,458.71533,40.0
1.9180297,8.0,1.6493087,1.2071273,7.0,0.8806716,364.7975,49.0
1.39391,5.0,1.246264,0.8581594,4.0,0.41458598,193.42473,28.0
1.5360745,4.0,1.7465935,1.1459614,4.0,1.5704755,389.6282,21.0
1.6018606,5.0,1.281283,1.0457996,5.0,1.2767441,284.02548,22.0
1.6382478,9.0,1.2088263,1.3183795,3.0,0.83779526,353.3998,18.0
1.7954613,10.0,1.0525014,0.9197321,6.0,1.4824812,347.93488,19.0
1.6854922,10.0,1.932266,1.0460966,4.0,1.3870254,258.13467,19.0
1.8458458,7.0,1.9652008,1.3750238,4.0,0.64973205,466.09824,40.0
1.6868813,9.0,1.2744843,0.7849377,6.0,1.4034573,182.4403,33.0
1.8694735,11.0,1.1285074,1.4968345,8.0,0.85169727,293.0169,40.0
1.4904426,6.0,1.8874884,0.75930643,4.0,0.51496404,190.82828,30.0
1.9172839,11.0,1.7029074,1.3145343,5.0,1.4344012,315.11035,46.0
1.884289,10.0,1.2024847,1.2180567,5.0,1.1327448,372.58813,39.0
1.4579372,8.0,1.6304623,0.8753165,4.0,1.2127764,199.49974,13.0
1.6860386,7.0,1.2907361,1.4409449,5.0,1.4236283,384.33505,13.0
1.4285107,9.0,1.9805593,0.8698108,5.0,0.511221,118.71177,27.0
1.7678986,4.0,1.874953,0.8709539,6.0,1.3826088,325.3283,41.0
1.4733974,9.0,1.2248806,1.1850773,3.0,0.48590496,305.03436,9.0
1.4795724,5.0,1.5249047,1.4246975,4.0,1.5272572,114.91825,45.0
1.4419718,5.0,1.3215452,1.2574302,4.0,1.5088853,272.68356,12.0
1.654459,8.0,1.1343446,1.1657795,4.0,1.2157675,147.64325,47.0
1.2510399,4.0,1.25155,1.4052515,5.0,1.4022828,92.73042,20.0
1.808477,5.0,1.5089475,1.163557,8.0,1.2844633,369.53033,26.0
1.8780353,6.0,1.8094423,1.1500053,6.0,0.60690886,399.95935,47.0
1.8678288,7.0,1.1850773,1.1530483,5.0,1.184718,418.16132,40.0
1.4666289,6.0,1.3530594,0.8686721,3.0,0.40081796,332.17725,21.0
1.0801415,4.0,1.7606249,0.9785369,3.0,0.9803981,91.73079,14.0
1.0134276,4.0,1.9668654,1.2161251,3.0,0.5949048,63.5225,21.0
1.5419768,4.0,1.2512368,1.1704807,4.0,1.049588,364.0157,23.0
1.674056,8.0,1.3507179,1.3131108,4.0,1.318789,308.19122,19.0
1.878096,10.0,1.4039916,1.360487,7.0,1.3350648,312.0404,31.0
1.77951,6.0,1.2382959,0.9448969,8.0,0.5889311,320.1419,27.0
1.2066883,4.0,1.6516591,1.4681959,7.0,0.8320728,72.562035,14.0
1.8429576,4.0,1.7045177,1.1086704,6.0,0.6247944,465.1146,45.0
1.7122301,4.0,1.9571248,1.0711029,6.0,1.2104878,345.81458,30.0
1.8564334,11.0,1.0514265,1.4634632,5.0,0.45556226,422.7398,44.0
1.7223917,5.0,1.7551032,1.4076182,5.0,1.2327714,356.9767,24.0
1.8121473,6.0,1.8332198,0.84943414,7.0,1.1806102,406.38553,29.0
1.7515258,4.0,1.7927061,0.93450266,7.0,0.96125156,384.78897,28.0
1.6895585,4.0,1.616317,1.1761099,7.0,0.3936137,284.60522,31.0
1.4172624,3.0,1.7777007,0.75460774,5.0,0.5014118,277.338,18.0
1.2624565,4.0,1.9464889,0.90836143,8.0,0.4945184,81.62037,24.0
1.1564478,6.0,1.6913484,0.8923836,5.0,0.57672316,50.15082,42.0
1.8554063,9.0,1.3471282,0.85436463,7.0,0.74445736,329.9163,29.0
1.8892647,9.0,1.0475599,1.3510724,6.0,1.4000024,390.7515,38.0
1.8897141,9.0,1.4905406,0.8384881,5.0,1.417692,405.39447,43.0
1.716565,7.0,1.60279,1.3906524,7.0,0.620439,243.78847,23.0
1.8808851,5.0,1.0357836,1.3247384,7.0,0.814423,404.44696,48.0
1.3387532,5.0,1.451679,1.3653011,5.0,1.2664037,74.22795,45.0
1.8623147,9.0,1.5671524,1.1655669,3.0,0.7475368,497.14316,37.0
1.3368715,10.0,1.2445353,1.0967132,5.0,0.40262586,148.35225,12.0
1.46912,9.0,1.4465197,1.1017665,4.0,0.5641285,486.62335,5.0
1.5922256,7.0,1.4968914,1.369311,4.0,0.9197045,208.84451,26.0
1.2825437,6.0,1.3827003,1.2444822,6.0,0.46728966,55.350067,47.0
1.8339884,5.0,1.7975471,0.99060297,5.0,0.51797813,409.8968,47.0
1.3572662,4.0,1.5778502,0.81525016,6.0,0.76589,184.70676,15.0
1.4714065,5.0,1.9494398,0.96866715,4.0,1.0816936,150.66563,39.0
1.2533429,10.0,1.8462132,1.3117851,4.0,1.4332738,55.910103,49.0
1.5884361,5.0,1.8140175,1.2271143,5.0,1.1901532,150.28354,41.0
1.6770406,5.0,1.1862826,1.4121903,3.0,1.5666913,311.32657,41.0
1.6254828,4.0,1.9456593,1.3692333,6.0,0.5363728,391.4185,20.0
1.1768664,8.0,1.7881905,1.0907506,3.0,0.41689923,83.30854,28.0
1.6451468,3.0,1.7906647,0.7910945,4.0,0.87886447,358.07553,44.0
1.8057727,3.0,1.6035402,1.255336,8.0,1.1279616,340.76926,40.0
1.2068198,4.0,1.29977,1.3955486,5.0,0.6281542,339.40198,3.0
1.5211396,6.0,1.2233864,1.161277,4.0,0.92057115,457.09186,12.0
1.5484113,7.0,1.0382146,0.95094997,5.0,0.8029043,196.73047,23.0
1.3430132,4.0,1.271542,0.8928838,4.0,0.5331159,106.38582,49.0
1.6282432,10.0,1.5689507,1.0188066,7.0,0.86605525,229.6302,9.0
1.9023675,10.0,1.4313124,0.9218902,7.0,0.9000983,285.07303,43.0
1.4463366,9.0,1.350468,0.9761062,8.0,1.0699986,125.865105,3.0
1.5685798,3.0,1.9505455,0.8763206,7.0,0.41005185,338.9134,19.0
1.4484718,9.0,1.5939782,1.4222205,7.0,0.9776944,87.00829,33.0
1.7301458,11.0,1.7839134,1.0333307,4.0,0.9101564,425.13464,12.0
1.8663353,10.0,1.0285844,1.1471032,5.0,1.5173639,334.14084,37.0
1.6669674,4.0,1.1563606,1.3252816,6.0,0.7982458,302.23257,28.0
1.4850109,6.0,1.695707,1.1451424,7.0,1.369475,105.3696,36.0
1.6321868,10.0,1.7114221,0.9792276,8.0,1.3701715,198.39201,17.0
1.4650931,6.0,1.4140311,1.3051592,7.0,0.58296776,96.8665,39.0
1.7847782,9.0,1.7147377,1.3027965,4.0,0.9394011,244.047,41.0
1.8151293,5.0,1.4912748,1.4643432,4.0,1.4731201,344.17392,47.0
1.9045185,9.0,1.1143738,0.9921827,7.0,0.5096281,464.59677,34.0
1.5325553,7.0,1.9395347,1.4013743,6.0,1.5540426,186.06133,6.0
1.4834793,10.0,1.4138093,1.1901138,5.0,1.3056878,91.29429,40.0
1.4025719,4.0,1.3654977,0.823558,7.0,0.90770423,207.09976,11.0
1.7252184,11.0,1.0909387,1.4213948,6.0,1.0106655,475.14368,10.0
1.870853,7.0,1.8341973,1.0758396,7.0,1.4477137,353.8946,33.0
1.4032309,8.0,1.089503,1.3123366,5.0,1.4778005,183.80089,7.0
1.5000511,11.0,1.3606187,0.8388417,3.0,0.95519924,314.3618,10.0
1.7320378,4.0,1.1537815,1.0180923,5.0,0.5598217,433.71237,34.0
1.9221612,10.0,1.346561,0.78734004,7.0,0.9371902,426.99515,43.0
1.870811,10.0,1.3952255,1.2373209,4.0,0.9155356,318.66223,46.0
1.7907914,5.0,1.675468,1.4203758,6.0,0.50941795,428.2472,28.0
1.923288,10.0,1.9294705,0.8403228,8.0,0.9922787,496.52176,33.0
1.6901795,9.0,1.5840384,1.1151783,4.0,0.88831645,257.37115,25.0
1.2694212,5.0,1.7405826,0.82077914,4.0,0.4819008,196.10532,11.0
1.3494021,7.0,1.8725344,1.2313055,6.0,0.4119339,121.441025,17.0
1.8596703,6.0,1.0481069,1.0920428,8.0,0.6259119,455.02927,34.0
1.825687,10.0,1.085334,0.9596531,5.0,0.89788693,424.25223,18.0
1.3446441,7.0,1.210528,1.3989717,5.0,1.4438435,68.13234,45.0
1.2834723,9.0,1.1624631,1.0266018,7.0,1.487556,66.23159,34.0
1.9220401,11.0,1.7292955,1.3281676,7.0,1.2750787,459.0541,47.0
1.8883673,5.0,1.6483915,1.4837512,6.0,1.3572025,499.16852,39.0
1.8027226,4.0,1.1506038,1.1527853,6.0,1.046692,315.58774,47.0
1.5519505,8.0,1.0006052,1.3997216,4.0,0.7566473,271.05234,19.0
1.4425844,3.0,1.432928,0.98379403,6.0,0.6772903,212.66795,22.0
1.8559445,11.0,1.463467,1.1240128,7.0,0.57931155,467.10046,16.0
1.6274146,4.0,1.3276439,1.48498,6.0,1.1642759,274.35446,24.0
1.64558,7.0,1.3944354,1.1026064,7.0,0.40349138,142.94919,45.0
1.4822379,3.0,1.1735197,1.4340969,6.0,1.2771245,110.56594,45.0
1.7018151,6.0,1.4283078,1.269208,6.0,1.4603639,367.318,17.0
1.4391267,4.0,1.4025649,1.3261678,6.0,0.49139372,216.64517,17.0
1.7588419,8.0,1.345678,0.9480154,5.0,1.5672733,188.76111,49.0
1.445899,8.0,1.2355953,1.4534142,6.0,0.67485756,145.9621,12.0
1.6226497,9.0,1.2163372,1.1286895,7.0,1.3024212,152.32425,25.0
1.3616941,5.0,1.5309021,0.9030407,5.0,1.421353,149.95044,17.0
1.2674662,8.0,1.2980398,1.3401314,7.0,0.7461271,75.4375,20.0
1.8721833,7.0,1.0793773,1.2710164,7.0,1.5569975,306.2683,41.0
1.747105,4.0,1.5188127,1.3966229,7.0,0.44535616,295.62814,34.0
1.8740056,11.0,1.1599443,1.4361783,5.0,0.62724847,351.84885,50.0
1.684853,7.0,1.0702817,1.086221,5.0,1.4751077,255.5605,27.0
1.7517124,9.0,1.1574371,1.0116391,5.0,1.2737951,289.8242,25.0
1.4605898,4.0,1.091823,0.76288897,7.0,0.5877642,448.61172,8.0
1.5661759,7.0,1.8918773,1.3891388,7.0,0.80055964,177.48267,15.0
1.1869419,7.0,1.4655422,0.92482674,4.0,0.69644725,66.87126,35.0
1.7535577,5.0,1.9344977,1.3060352,7.0,1.4694247,264.9585,29.0
1.5375047,7.0,1.7491734,0.8963913,6.0,1.02609,399.8407,10.0
1.3091698,6.0,1.3847893,0.7533235,4.0,1.4514693,138.40012,21.0
1.670885,7.0,1.7622077,0.8842615,5.0,1.178174,408.34644,15.0
1.1937532,4.0,1.2700481,1.2101872,7.0,1.1756545,71.923485,16.0
1.7016394,9.0,1.5254842,1.232075,6.0,0.9290996,203.93407,24.0
1.4686662,9.0,1.313743,0.9642269,5.0,0.45506528,321.06494,4.0
1.5167509,8.0,1.0621474,1.1107786,4.0,1.3315107,160.04419,24.0
1.6709204,6.0,1.3408749,1.0145724,5.0,1.1990416,177.75177,43.0
1.6008775,10.0,1.6562793,1.4254876,7.0,1.3584921,232.28296,9.0
1.4322319,5.0,1.4983554,0.8313771,5.0,1.0253594,319.70258,11.0
1.8318441,5.0,1.4386859,1.062955,6.0,1.0088762,439.57867,33.0
1.5464953,7.0,1.7001232,1.2474561,8.0,0.97540504,162.784,17.0
1.7736477,5.0,1.6689829,1.2783711,5.0,1.2051007,463.2815,27.0
1.8810602,8.0,1.9066627,1.3239131,5.0,1.0561298,400.62665,34.0
1.7768755,7.0,1.0410857,1.2393425,5.0,0.88586736,238.7383,44.0
1.7196082,7.0,1.4665054,1.0364841,4.0,1.0974447,370.88364,27.0
1.6598872,9.0,1.0081702,1.2380751,6.0,0.82757765,170.99724,32.0
1.5916215,8.0,1.1003244,1.2948432,6.0,1.2881589,179.57407,22.0
1.8399638,11.0,1.0221215,1.2148471,4.0,1.374676,323.94586,36.0
1.9297054,11.0,1.80665,1.1397437,5.0,1.2652792,375.15094,48.0
1.4152217,4.0,1.7069931,1.279142,4.0,1.3324155,107.423615,49.0
1.3016876,7.0,1.1692961,0.81302416,5.0,0.9457652,111.7302,4.0
1.8308293,4.0,1.0933027,0.9522941,6.0,1.4274697,435.89957,45.0
1.4368985,5.0,1.0877926,1.0288799,7.0,1.1610159,386.09152,6.0
1.8590254,7.0,1.6431081,1.1581787,7.0,0.49930027,423.38693,31.0
1.4451939,6.0,1.989097,1.2291211,5.0,1.1191347,165.32854,13.0
1.5442004,7.0,1.4931331,1.4703634,4.0,1.5192232,241.85936,17.0
1.8283454,8.0,1.963169,1.1001508,4.0,1.4645028,320.76355,34.0
1.704665,10.0,1.2422742,1.1968179,5.0,0.7641081,307.4756,18.0
1.9087595,10.0,1.861336,1.0570849,7.0,0.9906888,318.1281,36.0
1.4848261,5.0,1.6079171,0.7763975,5.0,0.54412943,261.6241,20.0
1.8716646,8.0,1.443449,1.2509441,7.0,0.39393535,423.20807,37.0
1.8473945,8.0,1.1229695,0.9919622,6.0,1.0967515,330.45865,35.0
1.4078733,3.0,1.352606,1.0011401,4.0,1.5521996,149.51398,38.0
1.6268392,9.0,1.4764276,1.0416437,4.0,1.2304193,334.0435,13.0
1.4820224,11.0,1.9670874,0.83965427,3.0,0.6731724,172.49004,25.0
1.2401259,6.0,1.7313762,0.76180923,7.0,1.4597629,74.60604,7.0
1.8562039,9.0,1.5502728,1.0745448,5.0,1.342902,431.67587,28.0
1.7147989,8.0,1.1398703,0.84882456,6.0,0.8795457,187.0283,34.0
1.4283082,8.0,1.8704742,1.0668046,7.0,0.5974337,79.33146,42.0
1.8688507,9.0,1.6009549,0.7648277,7.0,1.2042049,323.177,34.0
1.7234232,8.0,1.341968,0.8557162,5.0,1.2988735,194.08304,38.0
1.4976516,11.0,1.4351699,0.87834066,6.0,1.1440322,175.76915,9.0
1.9059933,7.0,1.8126378,1.3684502,7.0,1.4992299,458.50787,29.0
1.8797501,9.0,1.3245511,1.2491739,7.0,0.5873498,316.20334,39.0
1.6457759,5.0,1.9812518,0.89783555,4.0,0.61852086,373.24442,31.0
1.2320017,9.0,1.5130404,1.3627151,4.0,0.54288423,115.3426,10.0
1.7135118,6.0,1.0184245,1.4136906,6.0,0.9947233,301.754,27.0
1.8239214,11.0,1.44883,1.4113877,7.0,0.7361664,215.8612,38.0
1.89391,11.0,1.4302918,0.80151826,8.0,1.2193185,373.73376,22.0
1.74477,7.0,1.9786555,1.1187314,7.0,0.8713392,181.88824,37.0
1.5807393,7.0,1.6964322,1.2985995,7.0,1.470918,467.80945,4.0
1.6016905,3.0,1.8636764,0.9046865,8.0,0.7747746,239.56172,27.0
1.5100411,9.0,1.4674857,1.2136923,3.0,1.1487594,139.47041,36.0
1.4855318,10.0,1.8674648,1.1694502,4.0,1.1284239,140.53738,24.0
1.7709846,6.0,1.8864363,1.0646855,8.0,1.256531,167.18636,46.0
1.4385384,9.0,1.9821368,1.2860755,4.0,0.9505396,161.15494,8.0
1.6456069,10.0,1.292966,1.4330404,6.0,0.57281935,240.78172,19.0
1.5630673,9.0,1.4076875,1.3171232,6.0,0.85865045,225.85345,10.0
1.692731,6.0,1.0248551,1.3952593,7.0,0.55262977,184.09947,39.0
1.5717084,3.0,1.4700029,0.847487,3.0,1.5487772,281.77316,49.0
1.6227205,7.0,1.1043432,1.3365622,7.0,0.6893201,272.26263,14.0
1.4807656,10.0,1.0340478,1.2779878,4.0,0.6809672,358.93542,8.0
1.3309957,4.0,1.8769773,1.2223879,5.0,0.82007736,376.03363,4.0
1.7137063,7.0,1.5389675,1.3717623,6.0,1.103898,408.74734,13.0
1.1666797,8.0,1.3581451,1.446276,6.0,0.8098841,50.890293,28.0
1.6852424,4.0,1.640142,1.1362519,7.0,0.8035717,254.83829,31.0
1.6184245,7.0,1.5652956,0.9815124,5.0,0.5414397,262.33487,27.0
1.5655586,9.0,1.4733658,1.0392395,4.0,1.48851,131.94286,41.0
1.3050219,8.0,1.4853654,1.1049736,4.0,0.6381015,176.51555,8.0
1.8777221,9.0,1.4541255,1.294567,8.0,0.849819,341.34857,29.0
1.5512607,8.0,1.8529269,0.9375629,7.0,0.7023106,293.58572,7.0
1.2729449,6.0,1.1208605,1.4299631,7.0,0.7368857,83.61407,16.0
1.742599,7.0,1.609675,1.3834765,7.0,1.0372485,381.20416,13.0
1.596089,4.0,1.744719,1.2529519,5.0,0.39937538,377.50702,23.0
1.8752054,6.0,1.8125678,1.1816576,6.0,0.7010488,466.34625,35.0
1.5680236,5.0,1.1708484,1.0239446,8.0,0.5298711,191.33815,21.0
1.2997949,4.0,1.2817138,1.4666452,5.0,1.4374518,101.22646,18.0
1.6515386,9.0,1.2891365,0.8809744,4.0,0.40550393,231.5806,36.0
1.7980595,9.0,1.225461,1.4576757,4.0,1.3294592,395.19965,25.0
1.8624823,5.0,1.8474172,0.91010296,8.0,0.6906227,350.79825,49.0
1.2289445,6.0,1.7056036,1.1774356,3.0,1.5584642,155.03891,7.0
1.1749336,9.0,1.2785776,1.0698512,3.0,0.99320215,107.12449,9.0
1.6645623,9.0,1.9263525,1.4623349,4.0,0.42067933,366.4039,20.0
1.1107805,7.0,1.687587,1.1919936,4.0,1.562817,54.48945,20.0
1.7951776,10.0,1.312505,1.3858938,8.0,1.4838268,252.19351,23.0
1.56632,6.0,1.5922796,1.0789411,6.0,1.3766264,451.73962,9.0
1.5833703,7.0,1.1435775,1.3783579,7.0,1.3366423,145.15558,29.0
1.6563479,7.0,1.6001958,1.1443679,3.0,0.73811847,372.159,29.0
1.8093253,5.0,1.0099447,1.027542,7.0,1.4495078,438.9169,28.0
1.5772539,4.0,1.3685926,1.4398062,3.0,0.8644505,437.8156,24.0
1.4560688,5.0,1.1976182,0.9725511,3.0,1.281784,147.26689,44.0
1.59348,9.0,1.7533066,0.81411284,3.0,1.0057231,268.42813,23.0
1.1662551,5.0,1.3862835,1.1537567,4.0,0.40703386,121.2191,15.0
1.2130418,7.0,1.1513379,1.3658489,7.0,0.89670295,65.74133,19.0
1.4784118,4.0,1.7200674,0.8358193,7.0,0.8135657,314.05307,11.0
1.572873,4.0,1.3840226,1.1243473,7.0,1.2976551,253.28119,19.0
1.7629277,3.0,1.4477264,1.4883525,8.0,1.000195,205.27673,48.0
1.6870829,10.0,1.6058531,1.2718173,4.0,1.223403,413.68674,8.0
1.6987113,5.0,1.0816655,0.95333636,7.0,0.67232376,410.2969,18.0
1.8238273,10.0,1.1293776,1.0799671,5.0,1.4629296,406.18668,21.0
1.703175,7.0,1.6867759,1.2872732,6.0,0.8389491,173.92221,36.0
1.7531677,7.0,1.2575862,1.2387722,7.0,1.238558,411.21442,15.0
1.4913385,4.0,1.9250743,1.0031631,7.0,1.5463423,143.80223,32.0
1.5262132,5.0,1.9525378,1.315932,3.0,1.4087594,230.50153,33.0
1.5955081,10.0,1.4722751,1.2694379,7.0,1.1083742,247.7596,9.0
1.8406878,3.0,1.2498375,1.0734218,6.0,0.6473269,486.3586,50.0
1.8171341,5.0,1.267527,1.3914025,8.0,0.6888324,295.97736,38.0
1.7552581,10.0,1.0210505,1.1408584,6.0,0.7948071,233.26022,28.0
1.6265519,3.0,1.4274691,0.8446946,6.0,0.5339072,209.9201,46.0
1.8810656,10.0,1.5380118,1.2981898,8.0,0.8216609,228.51367,44.0
1.4500003,10.0,1.9237957,0.8254704,4.0,1.0221821,156.79677,16.0
1.8745099,5.0,1.3393388,1.3432429,7.0,0.75123084,454.28574,43.0
1.7772655,4.0,1.7038822,1.2819892,6.0,0.7796285,319.52228,40.0
1.824535,7.0,1.6586976,1.4879497,8.0,0.7242539,259.94434,31.0
1.7225431,8.0,1.7135941,0.7918762,5.0,1.3914322,178.96387,44.0
1.7861981,10.0,1.5847166,1.2477628,7.0,0.9602895,305.65152,16.0
1.4783397,5.0,1.6525912,0.8652143,4.0,0.6119617,194.34161,32.0
1.7981998,8.0,1.5879891,1.2891152,7.0,0.90295297,177.09338,47.0
1.7045738,6.0,1.3483193,1.1979626,4.0,1.1023093,398.27957,26.0
1.6635692,6.0,1.5760533,1.2109402,5.0,0.43883628,257.68884,34.0
1.725643,4.0,1.3325856,1.3180068,7.0,1.3907273,313.42438,26.0
1.6774517,7.0,1.7246625,0.99752134,6.0,1.1423497,455.7074,13.0
1.799284,7.0,1.6352485,1.4927661,7.0,1.0614463,354.60074,20.0
1.7576607,8.0,1.1992838,1.4521517,8.0,0.88310623,291.06827,18.0
1.8597964,5.0,1.8077624,1.2641782,7.0,0.7310725,359.83505,43.0
1.5370232,5.0,1.7916334,1.160863,5.0,1.0511335,219.10957,21.0
1.5436801,7.0,1.5715481,0.8168997,4.0,0.6040114,223.69148,32.0
1.5596002,3.0,1.742889,0.8713141,4.0,0.84321773,297.56284,37.0
1.4054267,8.0,1.2208917,0.7859362,4.0,1.4537317,138.28229,23.0
1.744489,10.0,1.6017615,1.4812686,8.0,1.091753,362.5152,8.0
1.8349034,11.0,1.661111,1.1972709,5.0,0.6294791,281.07925,37.0
1.3558766,4.0,1.3556434,1.3898914,4.0,1.2833859,90.49046,47.0
1.7868029,4.0,1.7090524,1.4356176,4.0,1.0776044,450.70938,45.0
1.5014946,5.0,1.2530183,1.256978,4.0,1.3300502,275.29694,19.0
1.268559,7.0,1.227147,1.1250108,5.0,0.9054446,100.482765,12.0
1.7815101,5.0,1.7751888,1.2588841,5.0,1.3161224,430.5067,31.0
1.3844317,3.0,1.4620486,0.95376545,7.0,1.1473476,113.54039,30.0
1.4793783,3.0,1.5724429,0.7963081,4.0,1.185728,176.17499,49.0
1.1669835,10.0,1.4743859,0.7687404,3.0,0.91690576,76.54399,14.0
1.430982,5.0,1.4161174,1.3797666,6.0,1.422851,94.249725,37.0
1.836036,10.0,1.1000974,1.3591355,6.0,0.4152877,398.59274,33.0
1.8431792,8.0,1.2563934,1.4055681,8.0,0.50776196,271.54343,41.0
1.5171018,9.0,1.5071105,1.0878439,6.0,0.6634371,316.6124,5.0
1.4085033,6.0,1.0683466,1.3095747,5.0,0.6871015,190.43298,15.0
1.7281868,8.0,1.2489165,0.9779678,5.0,1.3778338,165.7146,48.0
1.1438538,5.0,1.8586472,1.2635412,5.0,0.5042602,69.35978,19.0
1.7319233,7.0,1.0787029,1.0299699,5.0,0.7225247,338.33804,23.0
1.2661346,9.0,1.7703503,0.91473705,5.0,0.72000295,97.75858,12.0
1.7757028,8.0,1.3688349,1.2886007,6.0,1.1546655,279.96945,25.0
1.683701,6.0,1.7602594,1.0403796,4.0,0.73189825,296.61304,36.0
1.4955424,4.0,1.3801955,1.1563292,8.0,0.56351495,250.2601,11.0
1.3250467,5.0,1.6903341,1.4723856,5.0,1.4559449,139.94969,9.0
1.831976,11.0,1.3702613,0.8913822,4.0,0.7714351,273.86108,39.0
1.2894104,3.0,1.8154236,1.220949,5.0,0.4867117,131.54456,23.0
1.3956221,8.0,1.6715744,0.9850061,4.0,1.220355,117.21803,26.0
1.6912563,7.0,1.2589025,0.8806665,5.0,1.3286562,328.28372,23.0
1.5564157,9.0,1.2102431,1.3016156,3.0,0.75977546,214.39822,29.0
1.689549,7.0,1.7170461,0.95743054,7.0,1.5612777,343.28427,14.0
1.7592509,5.0,1.4090763,1.1557378,5.0,1.5368079,317.41605,37.0
1.4844182,8.0,1.2683002,1.2995133,4.0,0.47206753,202.61563,24.0
1.3707222,4.0,1.0984646,1.2544762,8.0,1.1941195,379.04184,3.0
1.5794303,8.0,1.0593406,1.1679912,6.0,1.4169741,103.943504,49.0
1.4785231,6.0,1.5911223,0.9517962,4.0,0.8872049,130.50548,38.0
1.5985212,8.0,1.35629,0.78053325,3.0,1.1597146,368.50888,19.0
1.4217356,8.0,1.1973412,1.3361385,4.0,0.9068227,239.92497,10.0
1.7883351,4.0,1.3959695,0.8593388,5.0,1.1309721,457.60327,40.0
1.8105284,10.0,1.2134292,1.1711283,7.0,0.6175048,304.26233,24.0
1.9107068,9.0,1.828226,1.2736541,7.0,1.2111236,377.85394,37.0
1.6585138,10.0,1.9608248,0.7896502,4.0,0.9854872,202.95865,31.0
1.4282194,5.0,1.5623668,1.0492338,8.0,1.5354222,81.44545,46.0
1.721638,7.0,1.4995235,1.2743942,6.0,0.5411982,190.10324,41.0
1.1804013,10.0,1.5862619,1.2091514,3.0,1.0142177,61.423588,39.0
1.0964798,4.0,1.2178717,1.0078856,4.0,1.2540108,73.52345,19.0
1.5083466,11.0,1.0330393,1.3756738,4.0,1.173595,127.586334,37.0
1.772236,10.0,1.1118836,0.9703661,7.0,1.5002556,251.12906,22.0
1.7065833,6.0,1.5855317,1.4659626,8.0,0.41279322,419.1858,15.0
1.8272252,4.0,1.842908,1.4005061,7.0,1.2520611,436.14758,30.0
1.6101545,9.0,1.232037,1.4031397,3.0,0.9346014,270.497,28.0
1.3294647,6.0,1.6215022,1.3041847,7.0,0.58431554,69.94693,36.0
1.555478,6.0,1.1177095,1.489781,6.0,1.386641,242.83792,11.0
1.5389838,10.0,1.6070281,1.0893723,4.0,0.42397234,159.93874,36.0
1.6931745,7.0,1.180161,1.1225761,6.0,0.7909504,169.85727,38.0
1.7309386,4.0,1.8992802,1.1415668,5.0,1.064662,361.13724,33.0
1.5132546,9.0,1.3348365,1.3866549,7.0,0.3950811,225.14572,13.0
1.8218001,10.0,1.0498989,0.773879,5.0,0.6766372,241.40828,38.0
1.4297044,7.0,1.4576436,0.9206002,6.0,1.040404,184.82661,10.0
1.712919,9.0,1.1459131,1.3076421,6.0,1.3092215,283.61325,18.0
1.7513345,11.0,1.8230371,1.0123498,4.0,0.5915457,374.31326,18.0
1.9350253,10.0,1.5439515,1.3075639,6.0,1.5149201,484.33795,45.0
1.5751761,10.0,1.9446265,1.2187892,6.0,0.77190447,128.75404,31.0
1.6637676,5.0,1.9698659,1.4338672,5.0,1.2061613,178.77272,41.0
1.2858437,6.0,1.9208461,1.1082435,7.0,1.2084343,86.093636,12.0
1.3366654,7.0,1.0930098,1.3706737,7.0,0.51683533,126.43286,4.0
1.9101851,8.0,1.7264812,1.1935103,6.0,1.4661686,495.8773,32.0
1.7388581,7.0,1.9913672,0.80215275,3.0,0.9782133,331.19598,46.0
1.793877,9.0,1.7810361,1.4752798,3.0,0.88164735,496.37347,23.0
1.5988173,8.0,1.7757357,1.3818886,5.0,0.99599826,211.0724,18.0
1.2061073,6.0,1.33302,1.381189,3.0,1.1948078,98.08291,21.0
1.8642001,5.0,1.711425,0.94205385,6.0,1.2961502,449.5218,46.0
1.6750288,10.0,1.5113999,1.2618494,6.0,0.953486,474.39795,5.0
1.6888956,8.0,1.7646277,1.0224285,6.0,1.3037478,197.83533,29.0
1.2080182,7.0,1.864917,1.3379489,4.0,1.314292,63.956432,30.0
1.8548561,8.0,1.9085338,1.2006679,5.0,1.3629211,469.00244,24.0
1.8132073,4.0,1.5526115,1.4089406,7.0,0.7731692,259.44955,49.0
1.2849059,6.0,1.4589549,0.94891524,4.0,0.7172147,349.38474,4.0
1.7962567,10.0,1.4943116,1.3639601,5.0,1.0198658,247.30125,33.0
1.6792173,6.0,1.3997173,1.4995302,7.0,1.1375227,148.98839,35.0
1.2833908,3.0,1.8322067,1.0717056,6.0,0.5560096,260.43884,10.0
1.6781784,9.0,1.7563971,0.95883316,6.0,0.98502344,401.93784,9.0
1.9142815,8.0,1.9044288,1.3573066,6.0,1.5184089,412.04077,44.0
1.608196,4.0,1.4838398,1.4550984,4.0,1.0948818,202.02136,44.0
1.3912504,5.0,1.3789293,1.00557,8.0,0.6535424,217.83766,6.0
1.8638202,10.0,1.8451514,1.4764801,5.0,0.44121218,498.84778,25.0
1.8162391,6.0,1.4246572,1.2840668,4.0,0.9336862,473.68542,34.0
1.7781202,7.0,1.9485466,1.188483,8.0,0.6806248,166.55986,46.0
1.8947715,5.0,1.3908826,0.8755199,8.0,1.4280425,433.87726,50.0
1.7827394,9.0,1.8553126,1.0443572,3.0,1.0297252,367.95245,32.0
1.4206544,9.0,1.2664633,1.3086499,7.0,0.66191435,157.98595,9.0
1.6827705,7.0,1.2539628,1.236916,3.0,1.2704908,485.33224,23.0
1.4135665,7.0,1.4000164,1.0623615,6.0,0.9414707,332.93594,7.0
1.5274532,9.0,1.7957674,0.85353744,5.0,1.2006116,289.96948,7.0
1.7582848,6.0,1.0882909,1.4920123,5.0,1.1200047,311.8617,33.0
1.8103328,7.0,1.133199,1.0446585,3.0,1.1886286,463.8511,47.0
1.5720292,3.0,1.915749,1.162286,3.0,0.9143031,303.04675,46.0
1.5491669,10.0,1.7824135,1.013375,7.0,1.3959227,122.23443,30.0
1.5228938,11.0,1.1746634,1.0986362,3.0,1.0323589,383.06924,5.0
1.5753995,5.0,1.2286663,0.80884856,4.0,0.9627586,456.2886,20.0
1.3710946,9.0,1.1110249,1.0001113,7.0,0.8621462,67.41512,41.0
1.7952338,5.0,1.9195899,1.0689095,7.0,0.9305716,227.41899,46.0
1.3254595,7.0,1.2989995,0.89573646,6.0,0.74024135,116.06687,10.0
1.2794598,4.0,1.7630225,1.1892544,6.0,0.5624497,96.05025,19.0
1.2670865,4.0,1.5948435,0.9709574,5.0,0.6513555,409.57477,4.0
1.677155,6.0,1.1789017,0.92650026,4.0,0.45881033,244.93959,48.0
1.7093639,3.0,1.2845533,1.1143296,8.0,1.1080531,497.67905,20.0
1.51361,4.0,1.3254588,0.9775234,6.0,0.9367432,361.04956,15.0
1.797223,6.0,1.5899959,1.0947375,6.0,0.84083813,267.8209,45.0
1.4288313,6.0,1.6157895,1.4938527,5.0,0.82582825,98.312256,37.0
1.2521168,5.0,1.8546499,0.77010596,5.0,1.5443485,56.434166,43.0
1.909987,9.0,1.8297127,1.3887388,7.0,0.74227387,430.93237,33.0
1.4596723,3.0,1.857176,0.8569151,6.0,0.6681365,141.80766,36.0
1.3469081,4.0,1.2329174,0.9614512,6.0,0.5489548,392.31204,7.0
1.3325043,8.0,1.0436962,1.2502888,4.0,0.4364182,109.241615,38.0
1.2722859,5.0,1.9905405,1.4611697,4.0,0.5539828,135.17258,17.0
1.8675075,8.0,1.1914833,1.2663151,5.0,0.7001904,370.0554,47.0
1.8942511,11.0,1.4840178,0.8272724,6.0,1.0434347,391.98758,32.0
1.5585268,3.0,1.8879869,1.1273276,4.0,0.44861835,253.71286,43.0
1.38414,9.0,1.3871403,1.3473173,4.0,1.0901016,87.558655,37.0
1.794467,5.0,1.0257174,0.98757654,7.0,0.5851381,487.25266,26.0
1.3477576,6.0,1.6358054,0.8276926,4.0,0.85901666,444.9974,5.0
1.8540573,9.0,1.6849434,0.7664142,7.0,1.2017654,324.22952,31.0
1.8687013,9.0,1.6626745,1.4788606,4.0,0.85488176,361.74548,41.0
1.5752801,10.0,1.2122562,1.2422374,6.0,0.6389744,224.94377,16.0
1.9159318,10.0,1.3039035,1.26752,7.0,0.65089107,472.4091,46.0
1.6403434,9.0,1.3182666,0.75160867,3.0,0.42993605,469.38052,20.0
1.6286652,8.0,1.8985646,0.8216121,8.0,0.69898266,151.59612,29.0
1.5717384,10.0,1.5009139,1.1735461,8.0,0.52371275,441.90436,4.0
1.8068658,10.0,1.5209845,1.1436188,6.0,1.23413,499.57077,9.0
1.6551104,8.0,1.4899746,0.8661126,8.0,1.0368772,153.04271,31.0
1.6301444,7.0,1.3607554,1.1400833,6.0,1.3713665,448.59305,10.0
1.7357188,6.0,1.1484125,1.1386894,5.0,1.5039992,326.3665,28.0
1.6994635,10.0,1.3166822,1.4075248,5.0,1.2351817,244.42613,21.0
1.6029958,8.0,1.6636714,0.84547967,5.0,1.4909499,183.0138,26.0
1.8751159,9.0,1.5564184,1.3498762,5.0,0.4930726,442.43625,39.0
1.7044219,10.0,1.8687729,1.1341133,6.0,0.68371415,160.81323,39.0
1.8596048,10.0,1.4178381,0.9410752,8.0,1.394165,472.87378,14.0
1.8395827,6.0,1.1368822,1.3978698,7.0,1.3832189,239.15628,47.0
1.4246072,6.0,1.3432425,0.7955165,8.0,0.7124303,76.780914,48.0
1.6119255,4.0,1.4401026,1.374228,5.0,1.0724592,287.55957,25.0
1.9267728,9.0,1.8906564,1.0094676,7.0,1.1339926,387.87454,49.0
1.2428901,8.0,1.4321786,1.0192916,7.0,1.4805248,73.21984,17.0
1.3486971,3.0,1.8825027,1.3483793,5.0,0.8476632,235.14294,6.0
1.186916,4.0,1.549099,1.1375668,4.0,0.5129039,123.92177,22.0
1.5762706,9.0,1.8934093,1.3113067,8.0,0.520002,171.97157,18.0
1.6492224,5.0,1.5361409,0.8010624,3.0,0.44780555,451.87143,38.0
1.4004556,4.0,1.8834289,1.2978218,5.0,0.9020607,101.95032,37.0
1.6238048,7.0,1.5032853,1.4442488,7.0,0.99533534,235.65936,14.0
1.6784989,4.0,1.8511457,1.4181018,8.0,0.6131694,215.02132,30.0
1.1395404,3.0,1.26283,1.2403909,5.0,0.43461445,90.05772,3.0
1.3287337,5.0,1.401032,1.0199808,6.0,1.5514076,77.77486,39.0
1.807519,5.0,1.8099726,0.79502326,6.0,1.3465466,434.33054,34.0
1.8628926,11.0,1.1073779,1.2956926,5.0,0.7886859,322.72202,46.0
1.8193108,8.0,1.0370831,1.0590339,4.0,0.5685483,460.7433,35.0
1.9347748,11.0,1.5828971,1.4730173,6.0,1.3076824,482.32098,40.0
1.535503,8.0,1.319055,0.94633365,4.0,0.54817,189.34712,30.0
1.842535,11.0,1.8409516,0.80960894,4.0,1.1152083,432.16223,27.0
1.5892651,5.0,1.1374238,1.4472736,4.0,1.4573042,348.0923,22.0
1.7623292,7.0,1.6580892,1.451438,5.0,1.3130554,214.0298,36.0
1.1707863,5.0,1.6230228,1.3641299,5.0,1.3465042,75.84598,17.0
1.9355831,11.0,2.0,1.5,8.0,1.5707964,500.0,50.0
